frame_idx,file_name,status,iou,gt_ann_id,gt_class_name,gt_x1,gt_y1,gt_x2,gt_y2,pred_class_id,pred_class_name,pred_conf,pred_x1,pred_y1,pred_x2,pred_y2
30,0407_frame_0030.jpg,TP,0.9116787342618605,176,unripe,1942.0,695.0,2093.37,817.5,1,ripe,0.791015625,1944.0,693.0,2092.5,825.0
30,0407_frame_0030.jpg,TP,0.9077200185255045,177,ripe,2079.0,617.0,2248.31,776.17,0,metric,0.9091796875,2079.0,606.375,2253.0,777.0
30,0407_frame_0030.jpg,TP,0.8903861820285579,178,ripe,2689.0,664.0,2804.12,768.7,0,metric,0.509765625,2689.5,661.5,2806.5,776.25
30,0407_frame_0030.jpg,FN,,179,unripe,2580.0,375.0,2693.9,521.02,,,,,,,
30,0407_frame_0030.jpg,FN,,180,ripe,2716.0,522.0,2821.88,574.03,,,,,,,
30,0407_frame_0030.jpg,FN,,181,ripe,2031.0,326.0,2118.63,412.71,,,,,,,
36,0407_frame_0036.jpg,TP,0.9485503036769919,119,unripe,2513.0,373.0,2663.91,549.71,1,ripe,0.75830078125,2511.0,368.25,2664.0,552.0
36,0407_frame_0036.jpg,TP,0.938013675808822,116,unripe,1919.0,687.0,2067.53,825.4,1,ripe,0.712890625,1920.0,688.125,2073.0,827.25
36,0407_frame_0036.jpg,TP,0.8604394757794348,118,ripe,2639.0,666.0,2788.37,779.9300000000001,0,metric,0.77880859375,2635.5,654.75,2784.0,779.25
36,0407_frame_0036.jpg,TP,0.8348120755713822,117,ripe,2060.0,619.0,2224.56,772.59,0,metric,0.92626953125,2053.5,606.0,2227.5,780.0
36,0407_frame_0036.jpg,FN,,120,ripe,2694.0,523.0,2805.4,578.7,,,,,,,
36,0407_frame_0036.jpg,FN,,121,ripe,2731.0,628.0,2826.36,688.76,,,,,,,
42,0407_frame_0042.jpg,TP,0.9457144240817547,47,unripe,2455.0,370.0,2630.62,563.65,1,ripe,0.9169921875,2460.0,372.0,2629.5,561.75
42,0407_frame_0042.jpg,TP,0.8787164832332071,42,unripe,1899.0,675.0,2044.48,820.48,1,ripe,0.81591796875,1891.5,678.0,2049.0,825.0
42,0407_frame_0042.jpg,TP,0.8452974258149527,46,unripe,2764.0,666.0,2879.5,797.04,1,ripe,0.798828125,2776.5,660.0,2878.5,796.5
42,0407_frame_0042.jpg,TP,0.8392918595034069,43,ripe,2036.0,619.0,2195.92,774.47,0,metric,0.9375,2026.5,609.0,2200.5,779.25
42,0407_frame_0042.jpg,TP,0.779261799911702,44,ripe,2629.0,661.0,2767.82,779.83,0,metric,0.82763671875,2616.0,650.25,2775.0,776.25
42,0407_frame_0042.jpg,FN,,45,ripe,2666.0,525.0,2790.38,581.64,,,,,,,
42,0407_frame_0042.jpg,FN,,48,ripe,2719.0,633.0,2800.62,683.03,,,,,,,
48,0407_frame_0048.jpg,TP,0.8999562542835688,22,unripe,2436.0,373.0,2603.47,567.03,1,ripe,0.89306640625,2425.5,369.75,2602.5,562.5
48,0407_frame_0048.jpg,TP,0.8942338416847901,20,ripe,2007.0,631.0,2176.0,779.0,0,metric,0.865234375,2001.0,622.875,2176.5,782.25
48,0407_frame_0048.jpg,TP,0.8713045228268638,23,unripe,2761.0,666.0,2880.36,780.1,1,ripe,0.859375,2761.5,661.875,2880.0,792.0
48,0407_frame_0048.jpg,TP,0.8095624555391474,18,ripe,2606.0,667.0,2756.0,768.0,0,metric,0.82666015625,2604.0,653.625,2758.5,774.75
48,0407_frame_0048.jpg,TP,0.8003016463224172,21,unripe,1871.0,657.0,2015.37,818.69,1,ripe,0.8759765625,1870.5,664.5,2034.0,828.0
48,0407_frame_0048.jpg,FN,,19,ripe,2820.0,529.0,2879.0,619.0,,,,,,,
48,0407_frame_0048.jpg,FN,,24,ripe,2665.0,527.0,2771.33,575.1,,,,,,,
48,0407_frame_0048.jpg,FN,,25,ripe,2693.0,619.0,2785.83,684.83,,,,,,,
54,0407_frame_0054.jpg,TP,0.9402687539784895,211,unripe,2746.0,663.0,2879.97,796.97,1,ripe,0.86767578125,2749.5,664.875,2880.0,794.25
54,0407_frame_0054.jpg,TP,0.9115339639654366,210,unripe,1853.0,684.0,1996.21,826.06,1,ripe,0.83837890625,1852.5,681.375,2005.5,827.25
54,0407_frame_0054.jpg,TP,0.908504636695009,212,unripe,2408.0,377.0,2576.62,565.26,1,ripe,0.84326171875,2398.5,371.25,2577.0,567.0
54,0407_frame_0054.jpg,TP,0.8709031885088818,209,ripe,1987.0,641.0,2149.0,777.0,0,metric,0.85205078125,1981.5,631.5,2151.0,780.75
54,0407_frame_0054.jpg,TP,0.8024152968802001,207,ripe,2593.0,668.0,2746.0,772.0,0,metric,0.8115234375,2596.5,650.25,2746.5,777.0
54,0407_frame_0054.jpg,TP,0.5637639846742568,215,ripe,2823.0,532.0,2878.4,610.02,0,metric,0.4072265625,2809.5,522.0,2880.0,630.75
54,0407_frame_0054.jpg,FN,,208,ripe,2338.0,390.0,2424.0,553.0,,,,,,,
54,0407_frame_0054.jpg,FN,,213,ripe,2654.0,528.0,2760.89,577.94,,,,,,,
54,0407_frame_0054.jpg,FN,,214,ripe,2683.0,629.0,2777.41,682.06,,,,,,,
60,0407_frame_0060.jpg,TP,0.9208428481052345,100,unripe,2372.0,371.0,2550.33,564.27,1,ripe,0.794921875,2382.0,369.0,2550.0,567.0
60,0407_frame_0060.jpg,TP,0.9097840364128837,104,unripe,2733.0,666.0,2883.22,788.37,1,ripe,0.85546875,2739.0,663.375,2881.5,791.25
60,0407_frame_0060.jpg,TP,0.8988655199832241,105,ripe,2280.0,382.0,2392.03,573.72,0,metric,0.82080078125,2280.0,379.875,2400.0,579.0
60,0407_frame_0060.jpg,TP,0.8343751355080868,101,unripe,1829.0,684.0,1979.56,822.8199999999999,1,ripe,0.587890625,1830.0,674.625,1989.0,830.25
60,0407_frame_0060.jpg,TP,0.690924550057621,103,ripe,2580.0,666.0,2729.37,769.8,0,metric,0.8115234375,2574.0,640.5,2737.5,777.75
60,0407_frame_0060.jpg,TP,0.6769635805177445,102,ripe,1969.0,650.0,2106.75,776.0,0,metric,0.56005859375,1954.5,621.75,2113.5,783.0
60,0407_frame_0060.jpg,TP,0.6739193499750129,108,ripe,2803.0,528.0,2877.12,618.08,0,metric,0.405517578125,2794.5,520.125,2880.0,636.0
60,0407_frame_0060.jpg,FN,,106,ripe,2644.0,523.0,2750.89,575.28,,,,,,,
60,0407_frame_0060.jpg,FN,,107,ripe,2661.0,609.0,2758.53,680.0,,,,,,,
66,0407_frame_0066.jpg,TP,0.9112094295653076,28,ripe,2222.0,381.0,2364.0,597.0,0,metric,0.90380859375,2217.0,379.125,2370.0,594.75
66,0407_frame_0066.jpg,TP,0.8921982086295789,30,unripe,2355.0,371.0,2525.87,573.86,1,ripe,0.91259765625,2346.0,368.625,2521.5,568.5
66,0407_frame_0066.jpg,TP,0.8417069800535788,29,unripe,1814.0,683.0,1959.91,820.3199999999999,1,ripe,0.67333984375,1809.0,672.375,1960.5,829.5
66,0407_frame_0066.jpg,TP,0.8099379496836732,31,unripe,2730.0,669.0,2878.25,782.14,1,ripe,0.8603515625,2722.5,668.25,2878.5,801.0
66,0407_frame_0066.jpg,TP,0.7652685798380447,26,ripe,2788.0,529.0,2878.0,620.0,0,metric,0.498046875,2784.0,522.0,2878.5,635.25
66,0407_frame_0066.jpg,TP,0.741205154998224,27,ripe,2567.0,668.0,2719.0,773.0,0,metric,0.80322265625,2562.0,652.5,2727.0,783.0
66,0407_frame_0066.jpg,FN,,32,ripe,2635.0,525.0,2741.18,596.2,,,,,,,
66,0407_frame_0066.jpg,FN,,33,ripe,2650.0,621.0,2752.43,692.2,,,,,,,
72,0407_frame_0072.jpg,TP,0.9426284728771758,190,ripe,2166.0,380.0,2336.0,601.0,0,metric,0.94091796875,2164.5,382.125,2343.0,600.75
72,0407_frame_0072.jpg,TP,0.9419657102909572,192,unripe,2323.0,375.0,2498.55,574.81,1,ripe,0.90478515625,2322.0,369.75,2497.5,570.375
72,0407_frame_0072.jpg,TP,0.8833979755223824,191,unripe,1799.0,680.0,1943.77,822.72,1,ripe,0.453369140625,1794.0,679.5,1951.5,828.0
72,0407_frame_0072.jpg,TP,0.8487387809723643,193,unripe,2710.0,669.0,2870.67,783.41,1,ripe,0.8525390625,2718.0,667.125,2869.5,795.0
72,0407_frame_0072.jpg,TP,0.7735295462740905,194,ripe,2563.0,666.0,2709.06,777.98,0,metric,0.865234375,2557.5,655.5,2715.0,789.75
72,0407_frame_0072.jpg,FN,,195,ripe,2652.0,631.0,2745.78,694.77,,,,,,,
72,0407_frame_0072.jpg,FN,,196,ripe,2633.0,528.0,2727.53,580.52,,,,,,,
72,0407_frame_0072.jpg,FN,,197,ripe,2785.0,527.0,2877.28,609.53,,,,,,,
78,0407_frame_0078.jpg,TP,0.9439993081428538,339,unripe,2288.0,365.0,2468.6,572.6,1,ripe,0.919921875,2283.0,365.25,2467.5,567.75
78,0407_frame_0078.jpg,TP,0.9118521203334353,338,ripe,2107.0,376.0,2303.0,603.0,0,metric,0.92919921875,2097.0,378.375,2304.0,609.375
78,0407_frame_0078.jpg,TP,0.879194685582328,340,unripe,2701.0,665.0,2856.28,785.6800000000001,1,ripe,0.86669921875,2701.5,667.5,2857.5,798.0
78,0407_frame_0078.jpg,TP,0.8186147844150166,337,ripe,2545.0,668.0,2696.0,775.0,0,metric,0.732421875,2544.0,651.0,2697.0,780.0
78,0407_frame_0078.jpg,FN,,341,unripe,1775.0,680.0,1910.7,820.38,,,,,,,
78,0407_frame_0078.jpg,FN,,342,ripe,2619.0,524.0,2715.66,580.27,,,,,,,
78,0407_frame_0078.jpg,FN,,343,ripe,2640.0,625.0,2726.57,684.87,,,,,,,
78,0407_frame_0078.jpg,FN,,344,ripe,2779.0,532.0,2855.36,595.19,,,,,,,
84,0407_frame_0084.jpg,TP,0.9230474634258276,126,ripe,2028.0,373.0,2268.0,606.0,0,metric,0.94873046875,2034.0,374.25,2274.0,612.0
84,0407_frame_0084.jpg,TP,0.9083202864637502,129,unripe,2258.0,372.0,2438.46,570.61,1,ripe,0.9140625,2250.0,364.875,2436.0,571.5
84,0407_frame_0084.jpg,TP,0.8710869593210724,122,ripe,1928.0,632.0,2044.0,781.0,0,metric,0.64404296875,1930.5,620.25,2047.5,783.0
84,0407_frame_0084.jpg,TP,0.8124629125531626,130,unripe,2682.0,671.0,2836.83,783.12,1,ripe,0.80615234375,2680.5,667.125,2841.0,800.25
84,0407_frame_0084.jpg,TP,0.7406171809841211,127,ripe,2525.0,668.0,2678.0,779.0,0,metric,0.80322265625,2518.5,643.5,2682.0,783.75
84,0407_frame_0084.jpg,FN,,123,ripe,2602.0,527.0,2717.0,612.0,,,,,,,
84,0407_frame_0084.jpg,FN,,124,ripe,2603.0,527.0,2701.0,575.0,,,,,,,
84,0407_frame_0084.jpg,FN,,125,ripe,2749.0,526.0,2842.0,620.0,,,,,,,
84,0407_frame_0084.jpg,FN,,128,ripe,2612.0,618.0,2708.0,690.0,,,,,,,
90,0407_frame_0090.jpg,TP,0.9479573675246877,51,ripe,1993.0,376.0,2226.0,608.0,0,metric,0.8974609375,1987.5,376.125,2229.0,612.0
90,0407_frame_0090.jpg,TP,0.9389038160967655,50,ripe,1848.0,618.0,2011.0,782.0,0,metric,0.87841796875,1843.5,616.5,2014.5,783.0
90,0407_frame_0090.jpg,TP,0.8938792325710854,53,unripe,2220.0,367.0,2392.49,576.46,1,ripe,0.9228515625,2209.5,368.25,2398.5,573.0
90,0407_frame_0090.jpg,TP,0.8005709659698353,54,unripe,2664.0,668.0,2811.85,785.05,1,ripe,0.857421875,2659.5,666.0,2817.0,803.25
90,0407_frame_0090.jpg,TP,0.7793378848383022,49,ripe,1939.0,440.0,2054.0,605.0,0,metric,0.451416015625,1944.0,420.0,2061.0,612.0
90,0407_frame_0090.jpg,TP,0.7392181259338463,52,ripe,2503.0,670.0,2655.0,777.0,0,metric,0.8056640625,2500.5,652.125,2659.5,790.5
90,0407_frame_0090.jpg,FN,,55,ripe,2592.0,612.0,2684.5,687.23,,,,,,,
90,0407_frame_0090.jpg,FN,,56,ripe,2588.0,529.0,2679.88,583.26,,,,,,,
90,0407_frame_0090.jpg,FN,,57,ripe,2734.0,528.0,2824.65,590.28,,,,,,,
96,0407_frame_0096.jpg,TP,0.9249491680522898,404,unripe,2153.0,369.0,2353.22,569.22,1,ripe,0.939453125,2160.0,368.25,2350.5,574.5
96,0407_frame_0096.jpg,TP,0.8736942070275124,398,ripe,1806.0,618.0,1976.0,779.0,0,metric,0.91748046875,1800.0,607.5,1978.5,783.0
96,0407_frame_0096.jpg,TP,0.7946907575429809,405,unripe,2638.0,665.0,2790.99,786.16,1,ripe,0.84033203125,2631.0,666.75,2793.0,807.0
96,0407_frame_0096.jpg,TP,0.7910712136064129,399,ripe,1948.0,374.0,2173.0,604.0,0,metric,0.9287109375,1905.0,371.625,2178.0,611.25
96,0407_frame_0096.jpg,TP,0.7686409214826898,403,unripe,1682.0,694.0,1817.53,823.37,1,ripe,0.69677734375,1678.5,690.375,1839.0,832.5
96,0407_frame_0096.jpg,TP,0.6796931165834785,402,ripe,2480.0,670.0,2628.0,777.0,0,metric,0.85498046875,2472.0,641.25,2635.5,783.75
96,0407_frame_0096.jpg,FN,,400,ripe,1899.0,440.0,2005.0,604.0,,,,,,,
96,0407_frame_0096.jpg,FN,,401,ripe,1801.0,324.0,1896.0,467.0,,,,,,,
96,0407_frame_0096.jpg,FP,,,,,,,,1,ripe,0.417724609375,2131.5,148.03125,2355.0,388.5
102,0407_frame_0102.jpg,TP,0.9659809558729577,366,unripe,2111.0,358.0,2308.29,570.0,1,ripe,0.939453125,2110.5,360.75,2310.0,572.25
102,0407_frame_0102.jpg,TP,0.9308490053549598,367,unripe,1646.0,679.0,1797.04,830.34,1,ripe,0.87890625,1641.0,678.75,1801.5,831.75
102,0407_frame_0102.jpg,TP,0.8840123563682437,365,unripe,2611.0,665.0,2763.55,790.22,1,ripe,0.8828125,2611.5,666.75,2769.0,799.5
102,0407_frame_0102.jpg,TP,0.8613970442568676,362,ripe,1740.0,321.0,1869.0,479.0,0,metric,0.86328125,1738.5,317.8125,1879.5,485.625
102,0407_frame_0102.jpg,TP,0.8492676391334855,361,ripe,1767.0,615.0,1939.0,779.0,0,metric,0.9072265625,1759.5,601.5,1941.0,784.5
102,0407_frame_0102.jpg,TP,0.8375130616509795,363,ripe,1895.0,370.0,2124.0,601.0,0,metric,0.9453125,1863.0,369.0,2127.0,608.25
102,0407_frame_0102.jpg,TP,0.8253672426065709,364,ripe,2456.0,668.0,2605.0,775.0,0,metric,0.82763671875,2455.5,651.75,2607.0,779.25
102,0407_frame_0102.jpg,FN,,368,unripe,1716.0,598.0,1833.71,686.28,,,,,,,
108,0407_frame_0108.jpg,TP,0.9580679328247141,114,unripe,2069.0,358.0,2262.89,570.13,1,ripe,0.947265625,2070.0,360.75,2266.5,571.5
108,0407_frame_0108.jpg,TP,0.9330686090509002,111,ripe,1822.0,371.0,2075.0,602.0,0,metric,0.95751953125,1824.0,368.25,2079.0,610.125
108,0407_frame_0108.jpg,TP,0.9100316399761208,115,unripe,2589.0,673.0,2746.41,803.38,1,ripe,0.833984375,2587.5,667.5,2740.5,802.5
108,0407_frame_0108.jpg,TP,0.8764297171441504,109,ripe,1731.0,617.0,1903.0,781.0,0,metric,0.93408203125,1725.0,609.375,1908.0,785.25
108,0407_frame_0108.jpg,TP,0.8058333390139474,110,ripe,1700.0,322.0,1843.0,477.0,0,metric,0.8818359375,1692.0,316.125,1852.5,487.5
108,0407_frame_0108.jpg,TP,0.800329114744345,113,unripe,1607.0,676.0,1750.9,825.98,1,ripe,0.57275390625,1605.0,684.375,1765.5,835.5
108,0407_frame_0108.jpg,TP,0.7129365792438244,112,ripe,2431.0,669.0,2577.0,776.0,0,metric,0.83984375,2424.0,643.875,2581.5,783.0
114,0407_frame_0114.jpg,TP,0.9522006057931487,3,ripe,1781.0,372.0,2023.0,604.0,0,metric,0.95751953125,1783.5,371.25,2026.5,609.0
114,0407_frame_0114.jpg,TP,0.9452936439074108,6,unripe,2015.0,359.0,2216.89,575.95,1,ripe,0.9453125,2017.5,363.75,2218.5,573.0
114,0407_frame_0114.jpg,TP,0.9273294981074569,1,ripe,1691.0,619.0,1867.0,783.0,0,metric,0.91748046875,1689.0,612.375,1867.5,786.75
114,0407_frame_0114.jpg,TP,0.8592021856198425,8,unripe,2556.0,669.0,2714.95,793.39,1,ripe,0.82861328125,2559.0,669.375,2712.0,808.5
114,0407_frame_0114.jpg,TP,0.8542613875459609,7,unripe,1569.0,679.0,1718.08,827.09,1,ripe,0.8515625,1566.0,689.625,1722.0,833.25
114,0407_frame_0114.jpg,TP,0.8245959574794703,2,ripe,1665.0,322.0,1806.0,479.0,0,metric,0.81884765625,1663.5,316.875,1810.5,499.5
114,0407_frame_0114.jpg,TP,0.7473454527772856,4,ripe,2406.0,672.0,2551.0,778.0,0,metric,0.7744140625,2404.5,652.5,2556.0,788.25
114,0407_frame_0114.jpg,FN,,5,ripe,2498.0,636.0,2584.0,699.0,,,,,,,
120,0407_frame_0120.jpg,TP,0.970517881224943,183,ripe,1722.0,369.0,1959.0,606.0,0,metric,0.958984375,1725.0,367.125,1960.5,606.75
120,0407_frame_0120.jpg,TP,0.9192608301073568,186,unripe,1950.0,355.0,2153.59,567.9,1,ripe,0.93212890625,1954.5,358.875,2160.0,570.75
120,0407_frame_0120.jpg,TP,0.911699523349407,185,ripe,1641.0,619.0,1813.97,782.66,0,metric,0.91943359375,1639.5,615.0,1819.5,787.5
120,0407_frame_0120.jpg,TP,0.8987044548592995,182,ripe,1617.0,319.0,1759.0,475.0,0,metric,0.69287109375,1624.5,317.0625,1764.0,474.0
120,0407_frame_0120.jpg,TP,0.8882166380552875,188,unripe,2519.0,668.0,2676.05,792.92,1,ripe,0.7724609375,2518.5,668.625,2674.5,806.25
120,0407_frame_0120.jpg,TP,0.8796285503548468,187,unripe,1522.0,680.0,1667.04,828.94,1,ripe,0.8037109375,1518.75,688.5,1671.0,832.5
120,0407_frame_0120.jpg,TP,0.8207058823528982,184,ripe,2374.0,669.0,2518.0,778.0,0,metric,0.79931640625,2370.0,654.0,2520.0,781.5
120,0407_frame_0120.jpg,FN,,189,ripe,2465.0,634.0,2564.4,686.85,,,,,,,
126,0407_frame_0126.jpg,TP,0.9767911200807099,38,ripe,1649.0,367.0,1887.0,610.0,0,metric,0.9560546875,1651.5,366.375,1888.5,609.0
126,0407_frame_0126.jpg,TP,0.9446522625094318,35,unripe,1464.0,685.0,1615.0,833.0,1,ripe,0.8505859375,1464.75,684.75,1621.5,831.75
126,0407_frame_0126.jpg,TP,0.9345670445332745,40,unripe,1892.0,351.0,2096.29,574.13,1,ripe,0.94677734375,1888.5,356.625,2097.0,569.25
126,0407_frame_0126.jpg,TP,0.8905005780606348,39,ripe,1587.0,622.0,1769.21,780.5,0,metric,0.91943359375,1582.5,617.25,1767.0,789.0
126,0407_frame_0126.jpg,TP,0.8616966461913929,34,unripe,2483.0,673.0,2638.0,795.0,1,ripe,0.80859375,2482.5,670.875,2635.5,810.0
126,0407_frame_0126.jpg,TP,0.8601255657759839,36,ripe,1577.0,318.0,1706.0,455.0,0,metric,0.767578125,1573.5,315.9375,1717.5,458.625
126,0407_frame_0126.jpg,TP,0.7518154219793198,37,ripe,2339.0,670.0,2481.0,779.0,0,metric,0.845703125,2332.5,651.0,2482.5,788.25
126,0407_frame_0126.jpg,FN,,41,ripe,2428.0,636.0,2534.82,690.8,,,,,,,
132,0407_frame_0132.jpg,TP,0.974597003189005,9,unripe,1819.0,355.0,2028.0,569.0,1,ripe,0.9482421875,1819.5,353.25,2029.5,570.75
132,0407_frame_0132.jpg,TP,0.9556252367697041,15,ripe,1568.0,365.0,1810.0,612.0,0,metric,0.95654296875,1570.5,369.75,1813.5,612.375
132,0407_frame_0132.jpg,TP,0.9440969053347437,12,ripe,1521.0,618.0,1713.0,786.0,0,metric,0.89990234375,1522.5,616.125,1713.0,792.75
132,0407_frame_0132.jpg,TP,0.8678025866487376,10,unripe,1406.0,685.0,1562.0,835.0,1,ripe,0.86572265625,1407.75,693.0,1573.5,836.25
132,0407_frame_0132.jpg,TP,0.8530187581879413,11,ripe,2445.0,673.0,2599.0,794.0,1,ripe,0.802734375,2443.5,671.25,2595.0,808.5
132,0407_frame_0132.jpg,TP,0.8213386364646443,13,ripe,1527.0,316.0,1654.0,441.0,0,metric,0.74755859375,1526.25,315.5625,1666.5,453.375
132,0407_frame_0132.jpg,TP,0.7666870166869777,14,ripe,2303.0,671.0,2440.0,781.0,0,metric,0.76904296875,2299.5,652.5,2443.5,789.0
132,0407_frame_0132.jpg,FN,,16,ripe,2390.0,629.0,2494.0,694.0,,,,,,,
132,0407_frame_0132.jpg,FN,,17,unripe,1723.0,355.0,1839.13,440.15999999999997,,,,,,,
138,0407_frame_0138.jpg,TP,0.9793199763656663,86,unripe,1744.0,354.0,1957.0,569.0,1,ripe,0.93310546875,1743.0,352.125,1956.0,569.625
138,0407_frame_0138.jpg,TP,0.9767004602680052,91,ripe,1480.0,366.0,1746.0,616.0,0,metric,0.95166015625,1478.25,364.5,1747.5,614.625
138,0407_frame_0138.jpg,TP,0.9596621641792793,87,ripe,1461.0,620.0,1656.0,790.0,0,metric,0.91845703125,1460.25,617.625,1657.5,792.75
138,0407_frame_0138.jpg,TP,0.8603873125394024,85,unripe,1346.0,690.0,1503.0,838.0,1,ripe,0.84033203125,1347.75,693.375,1522.5,837.75
138,0407_frame_0138.jpg,TP,0.8236238121447602,89,ripe,2265.0,671.0,2401.0,786.0,0,metric,0.86083984375,2263.5,654.75,2400.0,792.0
138,0407_frame_0138.jpg,TP,0.7968821441790243,84,unripe,2403.0,673.0,2555.0,795.0,1,ripe,0.74072265625,2400.0,671.25,2553.0,819.75
138,0407_frame_0138.jpg,FN,,88,ripe,1471.0,316.0,1600.0,411.0,,,,,,,
138,0407_frame_0138.jpg,FN,,90,ripe,2353.0,628.0,2463.0,698.0,,,,,,,
138,0407_frame_0138.jpg,FN,,92,unripe,1671.0,353.0,1794.28,450.92,,,,,,,
144,0407_frame_0144.jpg,TP,0.9644154414654972,198,ripe,1396.0,620.0,1599.0,791.0,0,metric,0.94189453125,1397.25,618.75,1599.0,795.0
144,0407_frame_0144.jpg,TP,0.9319578367264918,202,ripe,1387.0,371.0,1666.0,608.0,0,metric,0.9326171875,1389.0,362.625,1674.0,607.875
144,0407_frame_0144.jpg,TP,0.8904294602789159,204,unripe,1667.0,350.0,1884.73,573.64,1,ripe,0.90625,1644.0,349.5,1885.5,571.125
144,0407_frame_0144.jpg,TP,0.8815236300886697,203,unripe,1286.0,690.0,1434.74,839.79,1,ripe,0.86083984375,1284.75,693.75,1447.5,837.75
144,0407_frame_0144.jpg,TP,0.8085140822272143,200,ripe,2226.0,671.0,2362.0,782.0,0,metric,0.85107421875,2223.0,657.75,2361.0,791.25
144,0407_frame_0144.jpg,TP,0.7154867359632648,206,unripe,2363.0,670.0,2509.0,790.05,1,ripe,0.82373046875,2356.5,671.625,2511.0,826.5
144,0407_frame_0144.jpg,FN,,199,ripe,1421.0,313.0,1538.0,383.0,,,,,,,
144,0407_frame_0144.jpg,FN,,201,ripe,2312.0,626.0,2420.0,697.0,,,,,,,
144,0407_frame_0144.jpg,FN,,205,unripe,1623.0,355.0,1711.82,441.08,,,,,,,
150,0407_frame_0150.jpg,TP,0.9833225037903207,93,unripe,1589.0,348.0,1816.0,568.0,1,ripe,0.94091796875,1588.5,346.5,1816.5,569.25
150,0407_frame_0150.jpg,TP,0.9819379490605361,96,ripe,1335.0,619.0,1544.0,795.0,0,metric,0.9453125,1335.75,618.0,1545.0,795.75
150,0407_frame_0150.jpg,TP,0.9069201957348756,94,unripe,1225.0,691.0,1390.0,841.0,1,ripe,0.86572265625,1228.5,699.375,1387.5,841.5
150,0407_frame_0150.jpg,TP,0.8888703874672782,97,ripe,1299.0,366.0,1611.0,607.0,0,metric,0.77197265625,1299.75,345.9375,1614.0,600.75
150,0407_frame_0150.jpg,TP,0.815070911964204,99,unripe,2325.0,670.0,2474.04,794.31,1,ripe,0.76708984375,2320.5,672.375,2470.5,812.25
150,0407_frame_0150.jpg,TP,0.8129837702870959,98,ripe,2191.0,672.0,2323.0,783.0,0,metric,0.8232421875,2190.0,657.75,2325.0,791.25
150,0407_frame_0150.jpg,FN,,95,ripe,1365.0,310.0,1487.0,371.0,,,,,,,
150,0407_frame_0150.jpg,FP,,,,,,,,0,metric,0.90185546875,1299.75,333.375,1608.0,606.0
156,0407_frame_0156.jpg,TP,0.9733827313396,322,unripe,1515.0,345.0,1749.0,567.0,1,ripe,0.9541015625,1518.0,344.8125,1749.0,570.0
156,0407_frame_0156.jpg,TP,0.9537098733978517,324,ripe,1273.0,619.0,1492.0,794.0,0,metric,0.92626953125,1272.75,616.125,1490.25,798.0
156,0407_frame_0156.jpg,TP,0.9245137232505427,323,unripe,1167.0,700.0,1332.0,844.0,1,ripe,0.81103515625,1170.75,697.875,1335.0,847.5
156,0407_frame_0156.jpg,TP,0.888939139829479,321,unripe,2286.0,674.0,2431.0,796.0,1,ripe,0.7939453125,2284.5,673.875,2431.5,809.25
156,0407_frame_0156.jpg,TP,0.8540265085415037,325,ripe,1210.0,354.0,1545.0,604.0,0,metric,0.82763671875,1208.25,344.4375,1514.25,598.5
156,0407_frame_0156.jpg,TP,0.8044692737429747,327,ripe,2153.0,671.0,2288.0,785.0,0,metric,0.7841796875,2151.0,654.75,2293.5,789.0
156,0407_frame_0156.jpg,FN,,326,ripe,2246.0,626.0,2351.0,700.0,,,,,,,
156,0407_frame_0156.jpg,FN,,328,ripe,1329.0,310.0,1431.74,385.87,,,,,,,
156,0407_frame_0156.jpg,FP,,,,,,,,0,metric,0.43310546875,1209.0,325.125,1509.75,601.5
162,0407_frame_0162.jpg,TP,0.9702276327200848,288,unripe,1439.0,344.0,1682.32,569.05,1,ripe,0.95166015625,1435.5,343.125,1680.0,569.625
162,0407_frame_0162.jpg,TP,0.9405312484796082,286,ripe,1208.0,620.0,1433.0,798.0,0,metric,0.9365234375,1209.0,613.5,1433.25,801.75
162,0407_frame_0162.jpg,TP,0.8761051873716826,283,ripe,1118.0,350.0,1449.0,603.0,0,metric,0.66259765625,1115.25,338.0625,1426.5,606.0
162,0407_frame_0162.jpg,TP,0.8488733488733018,284,ripe,2119.0,672.0,2252.0,787.0,0,metric,0.81884765625,2116.5,659.25,2253.0,791.25
162,0407_frame_0162.jpg,TP,0.789074775687959,289,unripe,2254.0,674.0,2388.45,796.39,1,ripe,0.75439453125,2250.0,674.625,2389.5,822.75
162,0407_frame_0162.jpg,TP,0.701409236707025,287,unripe,1109.0,700.0,1246.0,849.4300000000001,1,ripe,0.802734375,1110.75,697.875,1290.75,856.5
162,0407_frame_0162.jpg,FN,,282,ripe,2392.0,515.0,2478.0,620.0,,,,,,,
162,0407_frame_0162.jpg,FN,,285,ripe,2211.0,625.0,2318.0,698.0,,,,,,,
162,0407_frame_0162.jpg,FN,,290,ripe,1269.0,307.0,1358.33,383.24,,,,,,,
168,0407_frame_0168.jpg,TP,0.9657909760156497,347,ripe,1146.0,619.0,1381.0,800.0,0,metric,0.94091796875,1146.75,617.25,1383.0,802.5
168,0407_frame_0168.jpg,TP,0.9346810744716177,349,unripe,1360.0,334.0,1609.21,564.48,1,ripe,0.95947265625,1354.5,336.9375,1612.5,569.25
168,0407_frame_0168.jpg,TP,0.9052900693377303,348,ripe,1028.0,346.0,1358.0,598.0,0,metric,0.796875,1024.5,344.25,1341.0,606.0
168,0407_frame_0168.jpg,TP,0.8916125931265808,345,ripe,2339.0,514.0,2445.0,619.0,0,metric,0.57763671875,2335.5,510.375,2445.0,624.375
168,0407_frame_0168.jpg,TP,0.8726501873822091,350,unripe,1050.0,701.0,1211.15,845.59,1,ripe,0.73046875,1053.75,698.25,1224.0,848.25
168,0407_frame_0168.jpg,TP,0.8140146623758616,346,ripe,2083.0,671.0,2214.0,786.0,0,metric,0.85107421875,2079.0,657.0,2212.5,792.75
168,0407_frame_0168.jpg,TP,0.8079855637381513,351,unripe,2215.0,680.0,2348.66,800.23,1,ripe,0.7861328125,2208.0,683.25,2350.5,816.0
168,0407_frame_0168.jpg,TP,0.6452668216513796,352,ripe,2175.0,616.0,2276.43,693.29,0,metric,0.6669921875,2169.0,617.25,2277.0,726.75
168,0407_frame_0168.jpg,FN,,353,ripe,1218.0,305.0,1293.36,387.87,,,,,,,
174,0407_frame_0174.jpg,TP,0.9842493067331181,59,ripe,1091.0,619.0,1332.0,805.0,0,metric,0.94287109375,1089.75,617.25,1332.0,804.75
174,0407_frame_0174.jpg,TP,0.9330471572584182,63,unripe,1005.0,698.0,1156.3,851.03,1,ripe,0.7099609375,1002.75,701.25,1159.5,849.0
174,0407_frame_0174.jpg,TP,0.9063124637306746,58,ripe,2288.0,514.0,2414.0,619.0,0,metric,0.80322265625,2286.0,511.5,2413.5,625.125
174,0407_frame_0174.jpg,TP,0.8812526921288564,62,unripe,1299.0,338.0,1547.93,572.27,1,ripe,0.9443359375,1281.75,331.125,1552.5,568.875
174,0407_frame_0174.jpg,TP,0.8451398165520235,64,unripe,2179.0,682.0,2320.31,795.29,1,ripe,0.87548828125,2176.5,684.75,2316.0,807.0
174,0407_frame_0174.jpg,TP,0.8259831671417792,61,ripe,2049.0,671.0,2183.0,787.0,0,metric,0.79052734375,2044.5,660.75,2179.5,793.5
174,0407_frame_0174.jpg,FN,,60,ripe,961.0,344.0,1359.0,602.0,,,,,,,
174,0407_frame_0174.jpg,FN,,65,ripe,1172.0,301.0,1278.21,409.85,,,,,,,
180,0407_frame_0180.jpg,TP,0.9569532593215876,227,ripe,1036.0,620.0,1282.0,808.0,0,metric,0.9404296875,1039.5,616.875,1281.0,806.25
180,0407_frame_0180.jpg,TP,0.9444487526516366,228,ripe,960.0,340.0,1217.0,596.0,0,metric,0.91064453125,958.5,336.0,1211.25,599.625
180,0407_frame_0180.jpg,TP,0.9122256386358883,231,unripe,1220.0,330.0,1487.95,562.87,1,ripe,0.94580078125,1210.5,329.25,1497.75,567.375
180,0407_frame_0180.jpg,TP,0.882602946732094,226,ripe,2249.0,512.0,2385.0,617.0,0,metric,0.8408203125,2251.5,508.125,2385.0,625.125
180,0407_frame_0180.jpg,TP,0.7870283024674696,233,unripe,2146.0,669.0,2281.44,785.92,1,ripe,0.876953125,2139.0,675.0,2281.5,803.25
180,0407_frame_0180.jpg,TP,0.7761634506242514,229,ripe,2017.0,671.0,2149.0,788.0,0,metric,0.82421875,2017.5,654.75,2161.5,792.0
180,0407_frame_0180.jpg,TP,0.5574934337702254,230,unripe,961.0,705.0,1051.94,842.06,1,ripe,0.76123046875,962.25,696.75,1102.5,852.75
180,0407_frame_0180.jpg,FN,,232,unripe,1426.0,338.0,1517.59,440.63,,,,,,,
180,0407_frame_0180.jpg,FN,,234,unripe,2354.0,500.0,2418.96,588.67,,,,,,,
186,0407_frame_0186.jpg,TP,0.9514537404949485,250,ripe,980.0,620.0,1232.0,814.0,0,metric,0.94189453125,981.75,618.0,1233.0,808.5
186,0407_frame_0186.jpg,TP,0.9305742425445074,254,unripe,1155.0,329.0,1433.34,565.9,1,ripe,0.96337890625,1142.25,328.125,1434.75,570.375
186,0407_frame_0186.jpg,TP,0.922459882160826,252,ripe,961.0,349.0,1144.0,599.0,0,metric,0.923828125,962.25,347.25,1132.5,598.5
186,0407_frame_0186.jpg,TP,0.888691954911454,256,unripe,2114.0,667.0,2248.76,802.03,1,ripe,0.87548828125,2106.0,669.375,2247.0,806.25
186,0407_frame_0186.jpg,TP,0.7983716196568357,253,ripe,1985.0,673.0,2117.0,790.0,0,metric,0.82568359375,1980.0,656.25,2122.5,792.0
186,0407_frame_0186.jpg,TP,0.6771227027485337,255,unripe,1376.0,337.0,1485.09,452.51,1,ripe,0.43505859375,1351.5,331.5,1484.25,469.875
186,0407_frame_0186.jpg,TP,0.5148510299656858,260,ripe,2240.0,512.0,2355.17,611.47,0,metric,0.4658203125,2190.0,508.5,2352.0,640.125
186,0407_frame_0186.jpg,FN,,251,ripe,1060.0,300.0,1170.0,417.0,,,,,,,
186,0407_frame_0186.jpg,FN,,257,unripe,2150.0,376.0,2234.76,445.25,,,,,,,
186,0407_frame_0186.jpg,FN,,258,unripe,2329.0,512.0,2395.04,587.13,,,,,,,
186,0407_frame_0186.jpg,FN,,259,unripe,1183.0,605.0,1268.28,699.89,,,,,,,
192,0407_frame_0192.jpg,TP,0.9633934956606155,74,ripe,961.0,622.0,1179.0,809.0,0,metric,0.9345703125,960.0,619.125,1180.5,807.0
192,0407_frame_0192.jpg,TP,0.9468723080736123,78,unripe,1073.0,327.0,1368.67,570.12,1,ripe,0.962890625,1067.25,330.75,1365.75,572.625
192,0407_frame_0192.jpg,TP,0.9226562827053509,81,unripe,2075.0,673.0,2210.71,802.9300000000001,1,ripe,0.8505859375,2073.0,675.0,2209.5,808.5
192,0407_frame_0192.jpg,TP,0.8158801854272717,77,ripe,1948.0,672.0,2080.0,789.0,0,metric,0.87060546875,1942.5,658.5,2083.5,792.75
192,0407_frame_0192.jpg,TP,0.7882947054596673,79,unripe,1305.0,337.0,1445.62,454.52,1,ripe,0.7724609375,1297.5,329.25,1449.0,467.625
192,0407_frame_0192.jpg,TP,0.7488780127435313,76,ripe,960.0,380.0,1078.0,598.0,0,metric,0.6533203125,960.75,369.375,1053.75,601.875
192,0407_frame_0192.jpg,FN,,75,ripe,1019.0,297.0,1120.0,408.0,,,,,,,
192,0407_frame_0192.jpg,FN,,80,unripe,1136.0,604.0,1226.09,710.83,,,,,,,
192,0407_frame_0192.jpg,FN,,82,unripe,2112.0,376.0,2204.4,456.85,,,,,,,
192,0407_frame_0192.jpg,FN,,83,ripe,2210.0,510.0,2326.46,609.79,,,,,,,
198,0407_frame_0198.jpg,TP,0.9105942028403844,223,unripe,2044.0,678.0,2177.66,805.42,1,ripe,0.84033203125,2037.0,675.0,2179.5,806.25
198,0407_frame_0198.jpg,TP,0.8869197932879316,221,unripe,1006.0,331.0,1309.87,560.23,1,ripe,0.93408203125,999.75,327.0,1307.25,578.25
198,0407_frame_0198.jpg,TP,0.8423450405378615,216,ripe,2179.0,513.0,2297.0,622.0,0,metric,0.4677734375,2182.5,510.0,2299.5,633.375
198,0407_frame_0198.jpg,TP,0.8353396137638051,217,ripe,961.0,621.0,1134.0,823.0,0,metric,0.916015625,961.5,615.75,1137.0,797.25
198,0407_frame_0198.jpg,TP,0.8329190831261628,220,ripe,1917.0,673.0,2048.0,790.0,0,metric,0.84375,1914.0,658.875,2047.5,795.75
198,0407_frame_0198.jpg,TP,0.732323469273082,222,unripe,1265.0,334.0,1408.35,447.68,1,ripe,0.7080078125,1251.75,328.875,1413.0,466.875
198,0407_frame_0198.jpg,FN,,218,ripe,968.0,296.0,1075.0,408.0,,,,,,,
198,0407_frame_0198.jpg,FN,,219,ripe,2070.0,623.0,2129.0,680.0,,,,,,,
198,0407_frame_0198.jpg,FN,,224,unripe,2084.0,378.0,2179.25,445.77,,,,,,,
198,0407_frame_0198.jpg,FN,,225,unripe,1093.0,603.0,1179.19,712.9300000000001,,,,,,,
204,0407_frame_0204.jpg,TP,0.975211808128422,70,unripe,960.0,331.0,1254.25,574.29,1,ripe,0.94970703125,963.0,329.625,1254.0,572.25
204,0407_frame_0204.jpg,TP,0.9053975623911198,69,ripe,1885.0,674.0,2006.0,791.0,0,metric,0.85498046875,1885.5,668.25,2005.5,796.5
204,0407_frame_0204.jpg,TP,0.8979825871772457,68,ripe,961.0,622.0,1093.0,806.0,0,metric,0.92822265625,963.0,617.625,1092.0,795.0
204,0407_frame_0204.jpg,TP,0.8516908094658915,72,unripe,2012.0,676.0,2141.86,805.86,1,ripe,0.86279296875,2004.0,678.75,2146.5,812.25
204,0407_frame_0204.jpg,TP,0.8403531940114378,71,unripe,1223.0,335.0,1382.45,449.25,1,ripe,0.802734375,1219.5,331.6875,1379.25,462.375
204,0407_frame_0204.jpg,TP,0.809394760614221,66,ripe,2159.0,514.0,2271.0,627.0,0,metric,0.46875,2149.5,510.75,2272.5,637.875
204,0407_frame_0204.jpg,FN,,67,ripe,2013.0,624.0,2102.0,700.0,,,,,,,
204,0407_frame_0204.jpg,FN,,73,unripe,2060.0,380.0,2152.47,448.22,,,,,,,
210,0407_frame_0210.jpg,TP,0.9338802642045371,305,unripe,957.0,328.0,1189.16,569.3199999999999,1,ripe,0.9072265625,960.75,325.875,1197.0,571.875
210,0407_frame_0210.jpg,TP,0.8942748556202678,310,ripe,1860.0,672.0,1975.4,795.54,0,metric,0.78515625,1857.0,666.375,1974.0,799.5
210,0407_frame_0210.jpg,TP,0.814570051613365,307,unripe,1974.0,669.0,2116.89,801.37,1,ripe,0.8486328125,1971.0,679.125,2110.5,810.0
210,0407_frame_0210.jpg,TP,0.7826348235854155,309,ripe,957.0,618.0,1045.25,768.7,0,metric,0.85498046875,962.25,613.125,1041.0,787.5
210,0407_frame_0210.jpg,TP,0.6924093493906545,312,ripe,2131.0,509.0,2243.68,608.11,0,metric,0.60009765625,2116.5,511.875,2241.0,630.0
210,0407_frame_0210.jpg,TP,0.5813461824826177,311,ripe,1974.0,625.0,2074.8,683.38,0,metric,0.41015625,1963.5,615.75,2071.5,704.625
210,0407_frame_0210.jpg,FN,,306,unripe,1174.0,333.0,1345.06,452.47,,,,,,,
210,0407_frame_0210.jpg,FN,,308,unripe,2031.0,377.0,2120.26,434.7,,,,,,,
216,0407_frame_0216.jpg,TP,0.8696159522411672,313,unripe,957.0,338.0,1127.98,556.11,1,ripe,0.8359375,963.0,328.5,1127.25,570.375
216,0407_frame_0216.jpg,TP,0.8688934403741587,314,unripe,1124.0,330.0,1296.44,456.04,1,ripe,0.6953125,1118.25,324.75,1300.5,462.0
216,0407_frame_0216.jpg,TP,0.8514038314175745,318,ripe,1819.0,671.0,1937.37,796.31,0,metric,0.81396484375,1818.0,663.0,1948.5,796.5
216,0407_frame_0216.jpg,TP,0.8254075008522059,315,unripe,1925.0,669.0,2071.87,799.06,1,ripe,0.67333984375,1930.5,677.625,2070.0,809.25
216,0407_frame_0216.jpg,TP,0.6471662837556527,320,ripe,2093.0,510.0,2204.8,617.78,0,metric,0.51171875,2062.5,507.375,2200.5,633.75
216,0407_frame_0216.jpg,FN,,316,unripe,2192.0,486.0,2259.22,586.84,,,,,,,
216,0407_frame_0216.jpg,FN,,317,unripe,2006.0,369.0,2082.72,434.76,,,,,,,
216,0407_frame_0216.jpg,FN,,319,ripe,1925.0,618.0,2036.8,702.76,,,,,,,
222,0407_frame_0222.jpg,TP,0.8978753869285562,151,unripe,1888.0,681.0,2030.16,806.38,1,ripe,0.8779296875,1890.0,680.25,2029.5,817.5
222,0407_frame_0222.jpg,TP,0.888688107473453,150,unripe,1074.0,331.0,1259.6,455.39,1,ripe,0.72119140625,1072.5,325.5,1260.75,463.5
222,0407_frame_0222.jpg,TP,0.8471799233754652,147,ripe,1776.0,680.0,1907.0,798.0,0,metric,0.841796875,1779.0,667.125,1903.5,800.25
222,0407_frame_0222.jpg,TP,0.6260556427513564,153,ripe,2026.0,514.0,2168.16,609.76,0,metric,0.81884765625,2017.5,511.5,2161.5,651.0
222,0407_frame_0222.jpg,FN,,148,ripe,1884.0,624.0,2003.0,703.0,,,,,,,
222,0407_frame_0222.jpg,FN,,149,unripe,965.0,340.0,1057.8,508.08000000000004,,,,,,,
222,0407_frame_0222.jpg,FN,,152,unripe,2146.0,493.0,2223.99,592.71,,,,,,,
222,0407_frame_0222.jpg,FN,,154,unripe,1976.0,374.0,2067.24,455.42,,,,,,,
228,0407_frame_0228.jpg,TP,0.851007653800194,138,unripe,1028.0,329.0,1219.28,456.02,1,ripe,0.8701171875,1025.25,324.75,1215.75,469.5
228,0407_frame_0228.jpg,TP,0.8208070447480504,144,unripe,1847.0,680.0,1981.18,801.4,1,ripe,0.8330078125,1839.0,681.0,1983.0,816.75
228,0407_frame_0228.jpg,TP,0.7429593154436306,140,ripe,1731.0,680.0,1854.45,794.1,0,metric,0.7705078125,1734.0,661.875,1864.5,801.0
228,0407_frame_0228.jpg,FN,,139,ripe,959.0,338.0,1029.57,442.8,,,,,,,
228,0407_frame_0228.jpg,FN,,141,ripe,2016.0,511.0,2134.66,606.84,,,,,,,
228,0407_frame_0228.jpg,FN,,142,ripe,1853.0,625.0,1961.39,688.89,,,,,,,
228,0407_frame_0228.jpg,FN,,143,ripe,2032.0,398.0,2059.38,439.76,,,,,,,
228,0407_frame_0228.jpg,FN,,145,unripe,2115.0,493.0,2191.9,592.49,,,,,,,
228,0407_frame_0228.jpg,FN,,146,unripe,1959.0,393.0,2036.13,456.89,,,,,,,
234,0407_frame_0234.jpg,TP,0.9340869573797465,246,unripe,1792.0,683.0,1935.56,812.03,1,ripe,0.8330078125,1792.5,682.125,1938.0,817.5
234,0407_frame_0234.jpg,TP,0.8694690855740921,245,unripe,976.0,330.0,1165.16,455.32,1,ripe,0.8271484375,969.75,325.125,1166.25,463.875
234,0407_frame_0234.jpg,TP,0.8226387595643457,242,ripe,1687.0,678.0,1816.0,798.0,0,metric,0.751953125,1689.0,660.75,1818.0,802.5
234,0407_frame_0234.jpg,FN,,243,ripe,1821.0,621.0,1927.0,692.0,,,,,,,
234,0407_frame_0234.jpg,FN,,244,ripe,1953.0,510.0,2096.0,638.0,,,,,,,
234,0407_frame_0234.jpg,FN,,247,unripe,2079.0,488.0,2152.97,591.02,,,,,,,
234,0407_frame_0234.jpg,FN,,248,unripe,1889.0,370.0,2003.51,448.03,,,,,,,
234,0407_frame_0234.jpg,FN,,249,ripe,1992.0,384.0,2028.48,450.54,,,,,,,
240,0407_frame_0240.jpg,TP,0.917979065675678,331,ripe,1913.0,510.0,2055.0,637.0,0,metric,0.56396484375,1915.5,508.125,2059.5,634.125
240,0407_frame_0240.jpg,TP,0.8724509183026741,330,ripe,1640.0,679.0,1770.0,805.0,0,metric,0.8310546875,1641.0,672.75,1764.0,810.0
240,0407_frame_0240.jpg,TP,0.8626229549696028,335,unripe,1746.0,684.0,1889.8600000000001,810.63,1,ripe,0.8369140625,1741.5,683.625,1885.5,822.0
240,0407_frame_0240.jpg,TP,0.8203967262454025,332,unripe,960.0,329.0,1119.08,442.22,1,ripe,0.71484375,961.5,322.3125,1122.0,456.75
240,0407_frame_0240.jpg,FN,,329,ripe,1777.0,623.0,1887.0,703.0,,,,,,,
240,0407_frame_0240.jpg,FN,,333,unripe,2040.0,492.0,2119.9,596.09,,,,,,,
240,0407_frame_0240.jpg,FN,,334,unripe,1866.0,377.0,1964.59,456.53,,,,,,,
240,0407_frame_0240.jpg,FN,,336,ripe,1954.0,379.0,1992.3,446.44,,,,,,,
246,0407_frame_0246.jpg,TP,0.9255464398910992,395,unripe,1688.0,685.0,1836.53,813.8199999999999,1,ripe,0.80517578125,1690.5,684.0,1836.0,820.5
246,0407_frame_0246.jpg,TP,0.8921414880640708,391,ripe,1589.0,680.0,1718.0,808.0,0,metric,0.8154296875,1590.0,675.375,1710.0,809.25
246,0407_frame_0246.jpg,TP,0.8917484317194347,392,ripe,1870.0,510.0,2013.0,647.0,0,metric,0.57958984375,1867.5,509.25,2014.5,636.0
246,0407_frame_0246.jpg,FN,,390,ripe,1726.0,622.0,1842.0,710.0,,,,,,,
246,0407_frame_0246.jpg,FN,,393,ripe,1904.0,369.0,1958.0,453.0,,,,,,,
246,0407_frame_0246.jpg,FN,,394,unripe,965.0,328.0,1058.28,443.77,,,,,,,
246,0407_frame_0246.jpg,FN,,396,unripe,1999.0,490.0,2079.79,593.28,,,,,,,
246,0407_frame_0246.jpg,FN,,397,unripe,1788.0,382.0,1928.76,458.07,,,,,,,
252,0407_frame_0252.jpg,TP,0.9319358123529095,270,ripe,1838.0,507.0,1969.0,634.0,0,metric,0.78515625,1836.0,507.375,1974.0,636.0
252,0407_frame_0252.jpg,TP,0.8921312304967028,269,ripe,1540.0,680.0,1665.0,809.0,0,metric,0.77734375,1540.5,671.25,1663.5,813.75
252,0407_frame_0252.jpg,TP,0.8553992555067013,271,unripe,1639.0,681.0,1784.62,807.86,1,ripe,0.8251953125,1638.0,686.25,1783.5,821.25
252,0407_frame_0252.jpg,FN,,268,ripe,1679.0,621.0,1797.0,714.0,,,,,,,
252,0407_frame_0252.jpg,FN,,272,unripe,1956.0,490.0,2038.19,591.9300000000001,,,,,,,
252,0407_frame_0252.jpg,FN,,273,unripe,1762.0,368.0,1890.84,450.93,,,,,,,
252,0407_frame_0252.jpg,FN,,274,ripe,1873.0,358.0,1926.31,421.18,,,,,,,
258,0407_frame_0258.jpg,TP,0.8614158672699354,266,ripe,1797.0,508.0,1930.19,620.56,0,metric,0.7646484375,1794.0,504.0,1930.5,631.5
258,0407_frame_0258.jpg,TP,0.8533333333332932,261,unripe,1590.0,686.0,1734.0,812.0,1,ripe,0.74853515625,1588.5,684.0,1738.5,825.75
258,0407_frame_0258.jpg,TP,0.8217934901345426,264,ripe,1491.0,678.0,1602.9,801.31,0,metric,0.70556640625,1494.0,676.5,1611.0,813.0
258,0407_frame_0258.jpg,FN,,262,unripe,1734.0,367.0,1851.61,449.94,,,,,,,
258,0407_frame_0258.jpg,FN,,263,unripe,1923.0,486.0,2005.5,591.54,,,,,,,
258,0407_frame_0258.jpg,FN,,265,ripe,1634.0,619.0,1755.12,710.06,,,,,,,
258,0407_frame_0258.jpg,FN,,267,ripe,1853.0,384.0,1892.71,416.18,,,,,,,
264,0407_frame_0264.jpg,TP,0.9335964204195143,386,ripe,1448.0,677.0,1564.14,807.36,0,metric,0.8154296875,1451.25,678.375,1566.0,809.25
264,0407_frame_0264.jpg,TP,0.8556068407253032,387,unripe,1547.0,678.0,1697.67,808.02,1,ripe,0.60107421875,1542.0,679.875,1696.5,822.0
264,0407_frame_0264.jpg,TP,0.8083617926570902,388,ripe,1769.0,505.0,1894.3,615.78,0,metric,0.80078125,1762.5,502.125,1896.0,630.75
264,0407_frame_0264.jpg,TP,0.763088099108856,384,unripe,1887.0,486.0,1972.65,587.91,1,ripe,0.440673828125,1881.0,490.5,1977.0,600.375
264,0407_frame_0264.jpg,FN,,383,ripe,1593.0,625.0,1717.03,712.73,,,,,,,
264,0407_frame_0264.jpg,FN,,385,unripe,1700.0,368.0,1824.59,445.9,,,,,,,
264,0407_frame_0264.jpg,FN,,389,ripe,1823.0,360.0,1865.83,416.55,,,,,,,
270,0407_frame_0270.jpg,TP,0.93981014255849,295,unripe,1501.0,681.0,1657.6100000000001,816.51,1,ripe,0.69677734375,1499.25,681.0,1657.5,823.5
270,0407_frame_0270.jpg,TP,0.9296077895784868,292,ripe,1411.0,682.0,1531.0,810.0,0,metric,0.8388671875,1410.0,681.375,1524.0,810.0
270,0407_frame_0270.jpg,TP,0.9291893473806853,293,ripe,1737.0,507.0,1860.0,628.0,0,metric,0.75634765625,1737.0,503.625,1864.5,629.25
270,0407_frame_0270.jpg,TP,0.84156416449394,291,ripe,1560.0,622.0,1690.0,731.0,0,metric,0.515625,1567.5,623.625,1692.0,741.0
270,0407_frame_0270.jpg,FN,,294,ripe,1781.0,357.0,1839.0,420.0,,,,,,,
270,0407_frame_0270.jpg,FN,,296,unripe,1854.0,487.0,1941.64,592.29,,,,,,,
270,0407_frame_0270.jpg,FN,,297,unripe,1688.0,369.0,1794.3,446.7,,,,,,,
276,0407_frame_0276.jpg,TP,0.9530816929243228,380,unripe,1463.0,686.0,1621.58,824.88,1,ripe,0.7421875,1459.5,685.5,1621.5,828.0
276,0407_frame_0276.jpg,TP,0.9327725450703358,378,ripe,1708.0,507.0,1830.0,628.0,0,metric,0.82568359375,1707.0,505.125,1834.5,629.25
276,0407_frame_0276.jpg,TP,0.9089145573051172,381,unripe,1827.0,490.0,1917.51,593.97,1,ripe,0.451416015625,1824.0,490.125,1917.0,600.0
276,0407_frame_0276.jpg,TP,0.8553306907551337,377,ripe,1374.0,683.0,1496.0,811.0,0,metric,0.79931640625,1374.75,684.75,1482.0,813.0
276,0407_frame_0276.jpg,TP,0.8426615749851096,376,ripe,1524.0,627.0,1658.0,734.0,0,metric,0.56982421875,1531.5,627.375,1659.0,746.25
276,0407_frame_0276.jpg,FN,,379,ripe,1753.0,357.0,1815.0,422.0,,,,,,,
276,0407_frame_0276.jpg,FN,,382,unripe,1647.0,362.0,1761.7,429.1,,,,,,,
282,0407_frame_0282.jpg,TP,0.9220475792163901,279,unripe,1431.0,681.0,1593.29,818.14,1,ripe,0.72265625,1432.5,682.5,1594.5,825.75
282,0407_frame_0282.jpg,TP,0.9169132178732486,277,ripe,1684.0,507.0,1807.0,632.0,0,metric,0.75927734375,1686.0,505.125,1810.5,628.5
282,0407_frame_0282.jpg,TP,0.8648426403527869,276,ripe,1349.0,683.0,1467.0,809.0,0,metric,0.78271484375,1350.75,683.25,1454.25,810.75
282,0407_frame_0282.jpg,FN,,275,ripe,1500.0,623.0,1634.0,736.0,,,,,,,
282,0407_frame_0282.jpg,FN,,278,ripe,1735.0,357.0,1798.0,425.0,,,,,,,
282,0407_frame_0282.jpg,FN,,280,unripe,1637.0,361.0,1746.75,426.52,,,,,,,
282,0407_frame_0282.jpg,FN,,281,unripe,1803.0,488.0,1894.9,595.52,,,,,,,
288,0407_frame_0288.jpg,TP,0.9501580011383336,300,ripe,1665.0,509.0,1789.0,631.0,0,metric,0.70068359375,1665.0,506.625,1792.5,631.5
288,0407_frame_0288.jpg,TP,0.9055353917340755,302,unripe,1411.0,681.0,1570.24,814.92,1,ripe,0.68994140625,1410.0,681.75,1573.5,824.25
288,0407_frame_0288.jpg,TP,0.891976729403565,303,unripe,1787.0,490.0,1878.53,600.66,1,ripe,0.69189453125,1780.5,492.0,1881.0,601.125
288,0407_frame_0288.jpg,TP,0.8761742421084511,299,ripe,1329.0,682.0,1445.0,809.0,0,metric,0.7490234375,1330.5,684.75,1436.25,811.5
288,0407_frame_0288.jpg,TP,0.7880367224771956,298,ripe,1483.0,622.0,1617.0,738.0,0,metric,0.42724609375,1491.75,624.75,1621.5,753.0
288,0407_frame_0288.jpg,FN,,301,ripe,1720.0,359.0,1786.0,430.0,,,,,,,
288,0407_frame_0288.jpg,FN,,304,unripe,1626.0,365.0,1731.78,436.83,,,,,,,
294,0407_frame_0294.jpg,TP,0.8810530978166295,172,ripe,1315.0,674.0,1435.05,802.89,0,metric,0.78125,1316.25,677.25,1425.75,801.75
294,0407_frame_0294.jpg,TP,0.8664569537557966,171,unripe,1766.0,487.0,1866.1,592.37,1,ripe,0.418701171875,1770.0,489.375,1864.5,599.625
294,0407_frame_0294.jpg,TP,0.7960183235061953,174,ripe,1655.0,505.0,1775.05,613.38,0,metric,0.8115234375,1648.5,503.625,1779.0,628.875
294,0407_frame_0294.jpg,FN,,169,unripe,1392.0,680.0,1557.77,810.21,,,,,,,
294,0407_frame_0294.jpg,FN,,170,unripe,1602.0,366.0,1721.29,427.72,,,,,,,
294,0407_frame_0294.jpg,FN,,173,ripe,1473.0,627.0,1600.01,723.15,,,,,,,
294,0407_frame_0294.jpg,FN,,175,ripe,1706.0,356.0,1773.74,429.57,,,,,,,
300,0407_frame_0300.jpg,TP,0.9276340036855426,237,ripe,1637.0,505.0,1760.0,625.0,0,metric,0.8388671875,1638.0,500.625,1762.5,623.625
300,0407_frame_0300.jpg,TP,0.9041517323653238,239,unripe,1377.0,676.0,1542.74,810.3,1,ripe,0.8359375,1375.5,676.5,1543.5,822.0
300,0407_frame_0300.jpg,TP,0.8492393522224794,236,ripe,1301.0,680.0,1413.0,800.0,0,metric,0.70068359375,1302.75,677.25,1405.5,807.75
300,0407_frame_0300.jpg,TP,0.84347544622209,235,ripe,1456.0,618.0,1588.0,737.0,0,metric,0.422607421875,1464.75,621.375,1593.0,741.75
300,0407_frame_0300.jpg,FN,,238,ripe,1696.0,356.0,1765.0,445.0,,,,,,,
300,0407_frame_0300.jpg,FN,,240,unripe,1593.0,361.0,1710.86,425.1,,,,,,,
300,0407_frame_0300.jpg,FN,,241,unripe,1754.0,487.0,1854.21,591.6800000000001,,,,,,,
306,0407_frame_0306.jpg,TP,0.9326096299695472,370,unripe,1361.0,676.0,1525.63,812.24,1,ripe,0.7421875,1363.5,676.5,1527.0,818.25
306,0407_frame_0306.jpg,TP,0.914144126837205,369,ripe,1624.0,506.0,1748.0,626.0,0,metric,0.5849609375,1624.5,501.375,1752.0,624.0
306,0407_frame_0306.jpg,TP,0.8965369700778655,371,ripe,1290.0,673.0,1387.0,800.11,0,metric,0.521484375,1288.5,676.5,1386.75,808.5
306,0407_frame_0306.jpg,FN,,372,ripe,1687.0,358.0,1757.84,441.42,,,,,,,
306,0407_frame_0306.jpg,FN,,373,unripe,1592.0,359.0,1697.64,434.28,,,,,,,
306,0407_frame_0306.jpg,FN,,374,ripe,1466.0,622.0,1575.59,716.78,,,,,,,
306,0407_frame_0306.jpg,FN,,375,unripe,1741.0,487.0,1841.7,590.66,,,,,,,
312,0407_frame_0312.jpg,TP,0.932158819197453,135,unripe,1351.0,676.0,1510.52,815.11,1,ripe,0.5341796875,1348.5,675.375,1514.25,819.0
312,0407_frame_0312.jpg,TP,0.9041009859950446,133,ripe,1612.0,507.0,1736.0,625.0,0,metric,0.67578125,1614.0,502.5,1740.0,627.0
312,0407_frame_0312.jpg,TP,0.8974337358358863,131,ripe,1276.0,680.0,1377.0,799.0,0,metric,0.5830078125,1278.0,675.0,1377.75,794.25
312,0407_frame_0312.jpg,TP,0.8931011701373885,136,unripe,1728.0,487.0,1832.22,595.39,1,ripe,0.4990234375,1731.0,489.375,1834.5,600.0
312,0407_frame_0312.jpg,FN,,132,ripe,1432.0,618.0,1567.0,735.0,,,,,,,
312,0407_frame_0312.jpg,FN,,134,ripe,1678.0,359.0,1747.0,452.0,,,,,,,
312,0407_frame_0312.jpg,FN,,137,unripe,1577.0,361.0,1689.56,453.37,,,,,,,
318,0407_frame_0318.jpg,TP,0.9163387880989176,164,ripe,1601.0,506.0,1725.0,626.0,0,metric,0.5546875,1599.0,500.625,1728.0,625.5
318,0407_frame_0318.jpg,TP,0.8919221342473214,166,unripe,1335.0,676.0,1499.76,809.26,1,ripe,0.75439453125,1334.25,673.125,1503.0,819.0
318,0407_frame_0318.jpg,TP,0.8788382792058685,162,ripe,1267.0,676.0,1365.0,795.0,0,metric,0.61328125,1263.75,669.75,1366.5,791.25
318,0407_frame_0318.jpg,FN,,163,ripe,1421.0,616.0,1557.0,737.0,,,,,,,
318,0407_frame_0318.jpg,FN,,165,ripe,1670.0,357.0,1740.0,452.0,,,,,,,
318,0407_frame_0318.jpg,FN,,167,unripe,1721.0,487.0,1820.49,595.85,,,,,,,
318,0407_frame_0318.jpg,FN,,168,unripe,1570.0,364.0,1681.81,437.93,,,,,,,
324,0407_frame_0324.jpg,TP,0.9151507647363978,156,unripe,1322.0,674.0,1487.08,808.74,1,ripe,0.62890625,1323.75,674.25,1490.25,816.75
324,0407_frame_0324.jpg,TP,0.86324649008534,158,ripe,1592.0,504.0,1714.25,613.77,0,metric,0.5234375,1590.0,502.5,1716.0,625.875
324,0407_frame_0324.jpg,FN,,155,ripe,1256.0,671.0,1372.88,793.08,,,,,,,
324,0407_frame_0324.jpg,FN,,157,unripe,1709.0,488.0,1810.27,592.22,,,,,,,
324,0407_frame_0324.jpg,FN,,159,ripe,1658.0,360.0,1731.35,446.7,,,,,,,
324,0407_frame_0324.jpg,FN,,160,ripe,1408.0,618.0,1542.04,723.61,,,,,,,
324,0407_frame_0324.jpg,FN,,161,unripe,1554.0,363.0,1671.4,432.36,,,,,,,
330,0407_frame_0330.jpg,TP,0.8938583502853882,354,unripe,1309.0,673.0,1475.85,808.88,1,ripe,0.65576171875,1314.0,669.75,1476.75,816.75
330,0407_frame_0330.jpg,TP,0.8375507402564716,358,ripe,1244.0,674.0,1328.89,795.46,0,metric,0.486328125,1244.25,669.75,1340.25,793.5
330,0407_frame_0330.jpg,FN,,355,unripe,1695.0,486.0,1800.71,592.78,,,,,,,
330,0407_frame_0330.jpg,FN,,356,ripe,1643.0,358.0,1723.89,451.97,,,,,,,
330,0407_frame_0330.jpg,FN,,357,ripe,1578.0,502.0,1701.33,611.99,,,,,,,
330,0407_frame_0330.jpg,FN,,359,ripe,1402.0,618.0,1533.34,718.64,,,,,,,
330,0407_frame_0330.jpg,FN,,360,unripe,1538.0,361.0,1663.1,456.28,,,,,,,
